Length,Width,Height,Weight (kg),Expiry Date,Material Properties,Storage Requirements,Volume
41.21,77.32,114.74,31.23,2025-10-29,Cotton,Refrigerated,365602.625128
41.38,86.73,76.12,8.56,2026-07-15,Metal,Cool & Dry Place,273186.1088880001
49.15,95.04,134.75,1.25,2025-10-24,Rubber,Cool & Dry Place,629446.356
68.16,89.65,123.38,35.43,,Metal,Away from Sunlight,753918.91872
82.42,78.86,82.26,49.32,,Metal,Freeze,534660.485112
10.69,93.43,135.77,5.47,2026-03-24,Leather,Dry Place,135602.55485900003
28.0,39.68,186.42,14.79,,Paper,Dry Place,207120.07679999998
81.45,17.48,57.2,24.99,,Paper,Freeze,81438.2712
13.96,61.25,130.11,39.25,,Glass,Room Temperature,111250.55550000002
13.96,95.14,134.57,16.97,2026-12-21,Paper,Cool & Dry Place,178729.737608
41.35,38.2,62.12,5.66,,Wood,Refrigerated,98122.88840000001
54.15,90.61,186.77,13.27,,Paper,Room Temperature,916392.8882550001
20.07,98.54,126.21,16.53,,Wood,Away from Sunlight,249605.239338
90.97,37.03,123.73,37.59,,Metal,Cool & Dry Place,416799.241243
49.65,45.08,135.42,47.12,2026-03-25,Leather,Dry Place,303100.02323999995
68.85,30.76,115.63,44.83,2025-11-27,Cotton,Freeze,244884.22037999998
84.42,5.69,108.7,10.82,,Plastic,Room Temperature,52214.02326
8.24,97.09,91.11,42.89,2026-05-08,Metal,Away from Sunlight,72889.967976
39.21,88.18,94.86,45.91,2026-02-07,Ceramic,Refrigerated,327982.03570800007
5.41,28.4,24.55,8.24,,Silk,Away from Sunlight,3771.9602000000004
95.23,39.94,127.15,8.66,2026-05-20,Leather,Freeze,483613.27033
45.13,18.59,160.28,1.55,,Glass,Away from Sunlight,134469.58267600002
54.06,41.78,31.03,43.09,,Glass,Room Temperature,70085.189604
8.64,60.06,146.51,23.65,,Plastic,Freeze,76026.734784
60.86,62.81,170.16,9.25,2026-06-07,Metal,Freeze,650456.440656
96.65,22.43,162.77,0.56,2025-10-17,Rubber,Dry Place,352862.490815
42.91,18.02,130.2,8.13,,Plastic,Freeze,100675.61363999998
85.9,93.07,128.37,7.35,2026-01-28,Paper,Freeze,1026281.30781
7.62,46.5,62.78,16.23,,Silk,Refrigerated,22244.8374
96.38,21.32,173.1,19.2,,Rubber,Cool & Dry Place,355689.61895999993
72.18,53.9,167.23,26.85,2025-08-30,Wood,Dry Place,650608.64946
18.22,51.49,162.75,6.11,,Rubber,Room Temperature,152683.55445
60.6,38.08,127.94,0.4,,Plastic,Freeze,295240.48512
98.69,46.78,23.13,3.05,2026-02-22,Cotton,Refrigerated,106784.691966
21.2,99.84,131.7,20.69,,Leather,Freeze,278757.2736
52.63,34.28,66.07,20.67,,Leather,Freeze,119200.613348
51.03,61.01,93.89,40.19,,Plastic,Away from Sunlight,292311.520767
46.11,52.38,7.75,16.89,2025-08-10,Plastic,Dry Place,18718.12395
70.82,80.31,65.55,22.14,,Silk,Cool & Dry Place,372819.17780999996
60.98,80.24,139.22,34.41,,Metal,Dry Place,681208.3605439999
38.11,26.36,96.81,41.38,2026-07-28,Metal,Dry Place,97253.35107599999
54.33,95.36,134.77,15.07,2025-09-28,Wood,Freeze,698231.0789760001
93.22,86.05,168.24,8.51,,Wood,Cool & Dry Place,1349550.7874399999
41.04,54.75,13.86,25.6,,Glass,Freeze,31142.5884
47.38,42.54,8.46,47.02,2026-12-16,Cotton,Away from Sunlight,17051.512392
12.18,50.19,62.25,17.34,2026-09-22,Leather,Freeze,38054.30894999999
48.7,30.73,72.92,26.75,,Silk,Away from Sunlight,109128.49892000001
12.96,35.51,158.67,16.73,,Glass,Cool & Dry Place,73021.457232
90.3,77.73,135.95,6.18,,Metal,Dry Place,954235.63305
86.66,6.03,189.11,35.71,2026-04-11,Ceramic,Dry Place,98821.28377800001
88.85,82.84,66.71,40.07,2027-04-01,Glass,Refrigerated,491007.88113999995
80.15,81.92,154.03,20.92,2025-06-17,Glass,Cool & Dry Place,1011343.7286400001
83.83,30.82,199.37,42.77,2026-04-14,Wood,Dry Place,515100.42642200005
42.77,10.31,139.44,17.36,2026-09-22,Rubber,Dry Place,61487.28112800001
50.09,65.09,155.88,30.28,,Rubber,Freeze,508224.62062800006
60.51,12.91,56.95,29.69,2026-02-27,Rubber,Cool & Dry Place,44488.434495
58.79,20.84,190.5,32.74,,Silk,Refrigerated,233397.47580000001
13.82,82.44,24.58,45.96,,Leather,Refrigerated,28004.505263999996
96.91,78.62,83.26,9.83,2026-04-10,Metal,Room Temperature,634363.285292
71.37,79.77,135.89,6.79,2027-03-22,Silk,Freeze,773646.896061
10.86,82.01,72.7,7.3,2026-12-21,Glass,Refrigerated,64748.69922
71.18,49.61,179.93,19.01,,Metal,Dry Place,635375.9772140001
67.41,39.57,87.8,17.3,2025-12-29,Metal,Freeze,234198.92286
99.15,44.13,106.99,16.16,2026-02-04,Silk,Dry Place,468133.62160500005
65.3,72.95,121.22,42.0,,Silk,Away from Sunlight,577447.8347
34.82,69.1,60.14,15.34,2025-11-07,Wood,Refrigerated,144700.56868
54.58,25.01,124.03,19.91,2026-09-28,Cotton,Away from Sunlight,169306.630574
95.02,21.88,74.98,13.52,2026-03-22,Leather,Room Temperature,155886.23924799997
67.13,10.07,193.26,47.08,2026-08-15,Silk,Room Temperature,130643.58606599999
41.59,22.23,172.34,4.51,2026-09-27,Paper,Freeze,159336.20593800003
55.17,89.87,69.06,48.6,2026-12-09,Paper,Freeze,342408.31277400005
49.35,25.17,95.79,25.52,2025-08-05,Leather,Freeze,118984.54270500003
26.2,96.97,67.8,11.73,2026-05-09,Leather,Dry Place,172253.6292
19.54,65.95,44.76,8.64,,Plastic,Cool & Dry Place,57680.55588
19.18,62.62,112.04,9.96,,Plastic,Freeze,134565.821264
44.06,84.9,196.47,3.13,2026-04-11,Ceramic,Freeze,734934.1501800001
20.52,86.81,91.64,9.04,2026-10-11,Cotton,Cool & Dry Place,163242.107568
52.04,74.12,43.76,36.16,2025-05-30,Glass,Freeze,168791.282048
26.5,16.97,195.63,44.22,,Glass,Cool & Dry Place,87975.78915
57.92,8.96,125.06,38.82,2026-03-15,Glass,Away from Sunlight,64901.537792
77.5,89.46,126.13,18.09,2027-03-18,Wood,Room Temperature,874478.2094999999
68.46,92.57,166.9,7.39,,Wood,Freeze,1057702.41318
31.77,92.96,63.47,15.32,2026-01-12,Ceramic,Room Temperature,187448.439024
39.14,35.43,172.53,14.94,2026-06-19,Leather,Cool & Dry Place,239252.561406
76.65,62.0,89.67,18.81,2025-06-13,Plastic,Room Temperature,426138.74100000004
45.86,93.63,31.9,10.82,2026-04-07,Leather,Room Temperature,136974.51041999998
65.05,14.71,162.75,3.45,,Paper,Refrigerated,155733.11512499998
77.75,63.68,190.33,1.74,2025-11-03,Cotton,Refrigerated,942346.6696
27.9,45.18,138.86,11.13,,Wood,Freeze,175036.08492
17.1,68.87,171.07,44.78,,Paper,Freeze,201465.20439000003
25.8,38.07,196.32,17.37,2026-09-19,Wood,Cool & Dry Place,192826.68192
81.81,19.21,120.55,35.57,2025-12-16,Plastic,Cool & Dry Place,189452.775555
64.48,70.3,30.25,17.6,,Leather,Freeze,137121.556
41.61,5.55,53.85,3.43,,Ceramic,Freeze,12435.876675
61.33,85.54,47.78,1.11,2027-02-25,Cotton,Away from Sunlight,250661.916596
24.77,88.74,112.69,12.33,,Wood,Away from Sunlight,247702.73956199997
48.56,51.44,62.0,16.9,,Metal,Room Temperature,154871.4368
7.58,15.97,136.26,39.89,,Plastic,Refrigerated,16494.627276
75.66,85.77,142.37,34.87,,Cotton,Freeze,923889.926934
68.3,38.42,197.82,24.81,2026-03-23,Plastic,Cool & Dry Place,519096.6925199999
85.18,40.31,14.99,36.27,2025-08-13,Wood,Room Temperature,51469.750942000006
76.43,19.85,94.05,40.17,2027-03-20,Cotton,Refrigerated,142686.59377500002
44.51,44.53,9.11,23.1,,Paper,Cool & Dry Place,18056.296033
87.44,42.95,175.55,42.33,2025-05-28,Leather,Away from Sunlight,659286.4514000001
91.48,30.4,85.37,30.14,2025-08-31,Rubber,Room Temperature,237413.28704000002
44.61,72.6,115.12,42.96,,Paper,Freeze,372837.53232
53.76,41.58,22.66,15.07,2027-01-03,Plastic,Dry Place,50652.822528
62.79,20.33,163.99,49.33,2026-08-11,Glass,Freeze,209336.629593
64.67,77.7,24.39,26.96,2026-12-30,Plastic,Dry Place,122556.31101
27.3,92.66,50.55,26.22,2027-03-15,Ceramic,Away from Sunlight,127872.18989999998
12.15,17.82,71.32,1.2,,Silk,Refrigerated,15441.707159999998
98.01,37.44,21.01,3.64,,Plastic,Room Temperature,77096.077344
24.11,40.39,163.8,9.62,,Metal,Freeze,159508.91502000001
13.15,70.86,44.23,22.71,,Plastic,Cool & Dry Place,41213.91207
54.06,65.46,72.55,40.53,,Wood,Dry Place,256737.58937999996
10.24,10.92,159.95,31.84,,Metal,Cool & Dry Place,17885.73696
47.98,76.4,183.9,4.39,2025-08-29,Paper,Cool & Dry Place,674117.0808
86.24,98.73,163.44,18.09,,Paper,Freeze,1391605.8266879998
41.88,17.3,31.05,38.34,,Metal,Freeze,22496.470200000003
37.03,78.54,118.17,21.84,2026-12-14,Leather,Freeze,343678.088754
91.74,71.73,40.3,0.35,,Cotton,Refrigerated,265194.56106
38.65,51.65,63.81,32.3,,Cotton,Cool & Dry Place,127382.148225
80.18,42.86,40.09,28.8,,Leather,Dry Place,137769.87833200002
56.49,72.02,28.6,18.08,,Leather,Away from Sunlight,116356.52028
64.27,53.98,77.63,32.81,2027-01-08,Rubber,Cool & Dry Place,269321.33979799994
19.36,16.98,155.58,23.87,2026-09-17,Glass,Dry Place,51144.249024000004
19.69,68.13,120.75,41.86,,Leather,Refrigerated,161983.673775
38.63,74.38,117.82,23.12,,Plastic,Dry Place,338532.13530799997
76.42,66.83,80.23,23.07,,Rubber,Dry Place,409746.53217799996
13.67,72.22,55.33,20.79,2025-09-05,Plastic,Refrigerated,54624.398642
54.42,15.65,20.74,23.84,,Plastic,Dry Place,17663.69802
40.82,46.33,50.87,24.17,,Silk,Refrigerated,96204.86582199999
50.97,31.67,59.03,23.19,,Plastic,Dry Place,95287.400697
40.94,98.05,121.48,13.08,,Leather,Away from Sunlight,487641.00716
73.97,70.81,43.6,27.54,,Cotton,Away from Sunlight,228368.76452000003
79.26,93.48,158.0,16.88,2027-01-06,Cotton,Refrigerated,1170657.5184000002
71.74,9.67,67.19,25.04,2026-01-07,Wood,Dry Place,46611.436502
88.66,40.46,11.1,31.57,,Cotton,Away from Sunlight,39817.73796
32.9,44.03,109.8,5.46,,Ceramic,Refrigerated,159054.85259999998
78.65,43.45,194.67,42.37,2026-06-19,Leather,Away from Sunlight,665254.0644750001
44.17,6.77,118.37,29.42,2026-02-20,Paper,Cool & Dry Place,35396.287633
77.97,98.77,182.57,48.73,2026-07-29,Ceramic,Away from Sunlight,1405989.261033
88.49,20.67,121.85,38.87,2027-01-01,Silk,Room Temperature,222874.409355
72.55,57.8,174.48,46.13,,Rubber,Room Temperature,731662.6871999998
11.94,68.87,57.6,40.64,,Paper,Freeze,47364.929280000004
97.22,60.38,59.56,3.56,2026-02-18,Silk,Cool & Dry Place,349625.752816
44.44,12.06,140.91,40.86,2025-08-25,Glass,Freeze,75520.207224
56.96,47.03,130.59,42.55,2025-10-16,Plastic,Freeze,349828.252992
13.92,57.13,112.03,41.97,,Leather,Freeze,89091.812688
7.21,82.56,144.78,9.7,2026-12-08,Silk,Freeze,86181.395328
10.44,66.6,6.71,16.17,,Glass,Cool & Dry Place,4665.489839999999
98.76,31.17,78.62,17.56,,Silk,Room Temperature,242019.81410400002
86.94,53.65,39.94,36.83,2026-01-16,Cotton,Away from Sunlight,186293.38014
47.12,69.37,137.34,12.4,,Wood,Refrigerated,448925.235696
32.8,18.33,189.52,18.51,,Cotton,Cool & Dry Place,113943.97248
51.48,27.39,165.07,11.82,,Rubber,Cool & Dry Place,232754.840604
91.83,67.2,23.79,12.45,2025-07-31,Paper,Away from Sunlight,146807.51904
80.33,92.0,30.1,3.46,2026-09-15,Wood,Dry Place,222449.836
69.77,71.49,137.57,24.48,,Cotton,Dry Place,686179.5287609999
88.23,80.87,92.95,16.68,,Wood,Cool & Dry Place,663213.1312950001
42.16,31.2,162.86,30.32,2026-09-01,Silk,Freeze,214224.74112
34.63,15.52,173.22,15.66,2027-02-26,Rubber,Cool & Dry Place,93098.40547200001
29.51,46.65,161.17,9.69,,Ceramic,Refrigerated,221873.31055499997
37.04,28.0,6.11,23.87,,Plastic,Room Temperature,6336.803199999999
36.31,54.45,116.3,41.9,2026-01-26,Paper,Cool & Dry Place,229934.34585
20.13,87.95,192.17,24.03,2026-02-18,Paper,Freeze,340224.20569499995
32.09,17.11,124.78,27.47,,Silk,Away from Sunlight,68511.69432200001
70.07,45.34,171.7,36.76,2027-01-14,Paper,Away from Sunlight,545486.40146
89.35,42.23,136.49,42.34,,Cotton,Room Temperature,515010.960745
62.73,46.47,82.39,0.14,,Metal,Room Temperature,240172.048809
21.7,8.14,87.27,47.33,2026-12-13,Plastic,Cool & Dry Place,15415.19826
15.31,61.76,26.68,4.0,2026-02-21,Metal,Room Temperature,25227.156608
34.56,43.13,7.37,14.37,,Ceramic,Room Temperature,10985.521536000002
30.43,16.16,121.09,24.31,,Cotton,Dry Place,59545.862192
10.49,15.07,13.43,18.32,,Cotton,Dry Place,2123.072149
65.7,42.47,130.02,44.98,2025-08-25,Rubber,Refrigerated,362792.07558
25.92,79.36,42.97,25.56,,Wood,Room Temperature,88389.771264
14.12,95.01,140.35,2.7,,Leather,Cool & Dry Place,188285.30741999997
11.23,56.25,56.3,28.7,2026-11-29,Rubber,Room Temperature,35564.00625
14.39,12.17,29.61,18.54,2026-12-01,Glass,Away from Sunlight,5185.489743
88.93,58.49,79.93,44.72,,Cotton,Cool & Dry Place,415757.1499010001
15.09,50.35,117.09,24.38,,Glass,Dry Place,88962.81583500002
18.54,68.47,138.86,44.52,,Paper,Dry Place,176273.57746800003
61.68,83.56,147.7,37.14,,Cotton,Refrigerated,761242.96416
53.81,18.36,190.58,6.62,,Metal,Room Temperature,188283.815928
33.87,99.17,99.73,23.2,2025-11-28,Wood,Room Temperature,334981.890267
45.92,66.03,150.4,39.72,,Metal,Dry Place,456027.47904
44.78,77.67,65.16,5.52,,Rubber,Away from Sunlight,226630.559016
6.29,76.27,173.88,38.25,2025-09-16,Wood,Freeze,83416.89560399999
70.13,34.32,37.43,7.29,,Metal,Dry Place,90088.82968799998
23.31,90.18,33.21,6.76,,Plastic,Cool & Dry Place,69810.60151800001
75.0,85.78,133.97,11.58,,Wood,Freeze,861895.995
78.77,11.97,36.28,46.89,2026-06-14,Plastic,Room Temperature,34207.573932
72.85,32.55,195.15,22.27,2026-06-19,Leather,Dry Place,462752.8526249999
14.61,85.16,84.37,30.58,,Rubber,Dry Place,104972.107812
28.81,67.15,87.7,40.51,2026-03-28,Cotton,Away from Sunlight,169663.67455
60.21,74.49,168.59,8.16,2025-06-24,Rubber,Room Temperature,756133.3825109999
72.88,27.86,70.95,14.65,,Cotton,Room Temperature,144059.49096
52.33,92.84,61.36,4.71,,Rubber,Away from Sunlight,298106.343392
86.2,28.77,111.14,19.5,,Wood,Away from Sunlight,275624.31036
99.68,79.25,180.79,30.01,2027-01-31,Wood,Refrigerated,1428175.9156
76.76,85.58,69.9,14.54,2026-07-02,Rubber,Room Temperature,459181.5439200001
56.1,94.67,69.05,7.6,2026-11-08,Cotton,Room Temperature,366723.65235
51.03,75.41,51.54,39.25,2025-10-18,Glass,Dry Place,198334.80034199997
63.77,96.22,176.33,48.71,2026-07-02,Cotton,Away from Sunlight,1081951.9577020002
82.97,62.1,132.93,15.19,2026-06-29,Glass,Refrigerated,684913.45041
66.97,77.11,82.13,48.6,2025-08-29,Paper,Dry Place,424123.97677099996
35.0,72.5,91.12,45.36,2026-05-27,Ceramic,Room Temperature,231217.0
38.39,32.95,64.22,15.86,,Wood,Away from Sunlight,81235.12111000001
15.64,11.45,66.93,28.29,,Silk,Refrigerated,11985.690540000001
57.82,99.92,148.46,8.13,,Plastic,Dry Place,857709.003424
10.97,98.2,151.97,9.7,,Silk,Refrigerated,163710.29038000002
88.21,7.24,8.52,1.02,,Rubber,Dry Place,5441.216208
56.5,23.89,83.62,33.96,2025-11-01,Metal,Refrigerated,112869.02170000001
21.56,87.83,68.39,16.76,,Wood,Freeze,129504.31617199999
85.44,57.92,106.47,48.17,,Ceramic,Away from Sunlight,526886.470656
37.61,69.34,70.76,43.02,,Plastic,Refrigerated,184533.40482400003
56.47,22.59,42.11,35.03,2026-03-22,Wood,Room Temperature,53717.928903
8.99,28.3,196.71,16.05,,Cotton,Cool & Dry Place,50046.368070000004
94.73,27.42,184.92,30.95,,Leather,Freeze,480329.07127200003
55.86,75.55,93.02,42.15,,Cotton,Dry Place,392565.14346
6.61,88.33,108.36,28.66,,Rubber,Dry Place,63267.210468000005
30.62,54.78,52.19,43.82,2026-08-22,Silk,Dry Place,87541.60628400001
83.35,7.49,121.56,33.92,,Plastic,Dry Place,75888.87474
50.33,57.73,69.32,36.16,2025-08-25,Wood,Cool & Dry Place,201412.78838799996
31.21,62.64,159.59,15.61,,Rubber,Away from Sunlight,311997.556296
73.25,8.06,124.39,35.36,2026-12-27,Metal,Refrigerated,73439.23405
60.08,59.08,194.3,39.56,2025-09-09,Wood,Dry Place,689672.9795199999
19.45,67.03,43.42,10.7,2025-06-02,Wood,Freeze,56608.108570000004
64.82,25.39,32.29,33.42,2025-08-22,Glass,Refrigerated,53142.22974199999
26.5,29.81,55.68,13.31,,Metal,Refrigerated,43985.2512
89.43,57.83,80.9,16.7,2026-10-26,Ceramic,Room Temperature,418393.51521000004
54.92,23.6,57.37,3.53,,Wood,Freeze,74357.94544
14.31,7.5,77.43,38.6,,Ceramic,Cool & Dry Place,8310.17475
48.25,42.23,85.6,24.46,,Cotton,Away from Sunlight,174418.346
16.34,62.29,6.81,8.21,,Paper,Dry Place,6931.344665999999
67.79,20.66,130.03,16.67,,Wood,Dry Place,182112.39824200002
54.6,71.01,5.13,40.24,,Metal,Cool & Dry Place,19889.758980000002
24.89,5.99,78.15,2.12,,Silk,Away from Sunlight,11651.469465000002
51.44,6.27,56.96,14.8,,Rubber,Freeze,18371.240448
14.8,59.35,52.6,1.83,,Metal,Refrigerated,46202.78800000001
76.71,61.71,21.39,48.76,2026-08-30,Leather,Refrigerated,101255.42799899999
79.96,36.02,20.71,38.05,2025-05-25,Rubber,Dry Place,59648.097032000005
44.32,16.16,66.92,2.77,2025-12-26,Rubber,Room Temperature,47928.853504
78.93,59.59,76.94,26.41,2025-07-13,Paper,Away from Sunlight,361882.573578
81.78,94.3,38.4,38.82,2025-11-30,Rubber,Refrigerated,296135.1936
43.16,75.31,174.12,34.92,,Plastic,Cool & Dry Place,565956.095952
55.3,71.59,152.43,12.76,2025-10-04,Silk,Room Temperature,603459.2426100001
79.83,80.53,74.47,6.36,2026-01-08,Ceramic,Cool & Dry Place,478746.02625299996
13.04,47.24,91.42,18.14,,Ceramic,Cool & Dry Place,56315.597632
22.57,62.23,70.43,15.18,2026-06-06,Silk,Freeze,98921.125373
55.19,77.75,106.66,37.65,,Metal,Away from Sunlight,457680.45985
29.49,18.6,24.51,2.76,2027-02-19,Ceramic,Cool & Dry Place,13444.078140000001
70.27,36.11,176.53,3.24,,Cotton,Freeze,447935.9955409999
68.1,56.02,191.74,0.67,,Rubber,Cool & Dry Place,731480.81388
89.68,6.06,151.79,27.11,,Plastic,Room Temperature,82491.91483200001
74.45,84.18,18.22,0.32,,Metal,Refrigerated,114188.40222
90.28,77.31,85.26,30.19,2025-10-18,Cotton,Room Temperature,595076.160168
25.37,91.81,26.93,40.71,2026-02-20,Plastic,Room Temperature,62725.886521
93.83,69.22,90.79,5.46,,Glass,Refrigerated,589673.114954
19.9,63.34,141.19,17.56,,Plastic,Dry Place,177965.19454
29.71,51.05,127.43,12.55,2025-12-09,Wood,Cool & Dry Place,193272.507565
97.41,39.24,38.5,44.66,,Paper,Cool & Dry Place,147161.18339999998
26.32,7.75,24.49,7.14,,Silk,Away from Sunlight,4995.4702
95.65,57.16,69.98,33.21,,Leather,Cool & Dry Place,382605.43292000005
10.53,59.33,155.79,42.93,,Metal,Away from Sunlight,97329.00797099998
87.64,67.28,168.41,19.83,2027-03-14,Wood,Freeze,993015.957472
7.48,90.82,198.43,7.21,2026-10-21,Rubber,Refrigerated,134800.166248
41.18,98.25,95.35,8.9,2026-11-27,Glass,Freeze,385779.90225
9.92,67.44,166.97,6.52,,Wood,Refrigerated,111703.731456
84.96,28.32,102.15,5.11,,Wood,Freeze,245779.76448
51.59,31.73,144.07,9.21,,Ceramic,Away from Sunlight,235835.487349
89.53,82.69,6.97,49.22,2025-11-28,Paper,Freeze,51600.552829
55.71,70.76,60.68,38.97,,Rubber,Room Temperature,239202.96292800002
53.07,78.47,73.6,48.79,,Metal,Away from Sunlight,306500.05344
66.38,8.53,70.92,5.9,,Plastic,Dry Place,40156.421687999995
62.03,39.66,84.9,3.98,,Metal,Dry Place,208863.32202
96.07,21.92,10.83,22.01,2026-11-20,Wood,Refrigerated,22806.403152000003
29.7,18.16,130.85,3.77,2025-07-28,Leather,Cool & Dry Place,70574.2092
50.27,52.66,118.31,29.51,,Glass,Freeze,313192.385242
64.62,68.82,64.69,14.22,,Silk,Room Temperature,287686.029996
14.94,65.44,99.96,13.12,2026-11-28,Paper,Dry Place,97728.25305599999
76.75,7.4,191.4,49.75,2027-04-03,Cotton,Away from Sunlight,108705.63
7.96,71.71,97.36,18.1,,Wood,Refrigerated,55574.217376
12.97,15.21,74.11,11.69,2027-03-23,Paper,Away from Sunlight,14619.953907000001
16.85,36.76,173.35,9.23,2026-07-25,Ceramic,Away from Sunlight,107374.0301
77.72,90.55,134.83,17.15,,Leather,Refrigerated,948872.32718
54.3,36.63,176.35,20.07,2025-12-15,Rubber,Room Temperature,350761.73715
94.77,66.0,36.32,29.11,,Metal,Dry Place,227175.0624
94.18,84.74,190.13,18.15,,Ceramic,Freeze,1517392.0137160001
87.79,82.37,113.06,9.26,2026-02-13,Glass,Dry Place,817566.5156380001
96.0,99.66,6.3,38.56,,Ceramic,Refrigerated,60274.368
97.47,11.11,69.53,25.47,,Ceramic,Cool & Dry Place,75293.459901
32.47,89.23,15.45,15.47,2025-11-10,Metal,Dry Place,44763.255645
67.57,32.51,27.74,31.54,2027-01-14,Silk,Cool & Dry Place,60936.477417999995
9.45,82.73,143.37,28.06,,Plastic,Cool & Dry Place,112086.450945
91.25,75.64,136.04,45.57,2025-08-30,Silk,Freeze,938968.4859999999
49.27,20.51,34.95,30.66,,Plastic,Freeze,35317.94311500001
32.5,98.7,115.71,34.11,,Ceramic,Room Temperature,371168.7525
64.08,38.99,127.5,9.46,2027-01-25,Ceramic,Room Temperature,318556.09800000006
66.63,83.51,23.79,26.63,2026-05-15,Leather,Room Temperature,132374.014227
84.36,41.7,6.99,36.86,2026-11-19,Metal,Dry Place,24589.505880000004
23.59,50.27,148.35,29.73,2025-12-29,Rubber,Dry Place,175923.710655
29.19,11.07,137.09,46.85,2025-11-14,Plastic,Dry Place,44298.344097
47.97,58.61,131.58,3.71,2026-04-08,Plastic,Room Temperature,369940.025286
92.7,53.31,115.26,34.45,,Leather,Dry Place,569596.13262
24.27,94.94,179.76,13.74,2025-06-11,Silk,Dry Place,414201.87748799997
30.88,66.14,117.07,14.95,2026-10-15,Wood,Dry Place,239104.14262399997
94.53,62.83,146.88,5.92,2026-12-24,Glass,Room Temperature,872367.306912
7.06,79.29,189.99,0.36,2026-11-28,Ceramic,Dry Place,106354.00812600002
79.59,11.84,41.25,6.73,,Cotton,Away from Sunlight,38871.756
53.65,51.61,71.87,1.21,2025-11-01,Cotton,Freeze,198999.154055
25.97,38.15,115.01,11.01,2026-12-01,Silk,Freeze,113946.79005499999
45.61,16.01,98.61,15.8,,Rubber,Room Temperature,72006.60962100001
82.18,86.89,44.21,33.52,,Leather,Refrigerated,315686.81904200005
27.59,8.37,29.6,36.08,,Leather,Freeze,6835.47768
95.9,35.06,26.72,32.88,2027-01-15,Metal,Dry Place,89839.42688
53.61,99.12,87.7,24.6,,Metal,Cool & Dry Place,466022.29464
98.91,90.26,93.27,25.89,2027-04-03,Cotton,Freeze,832678.8002819999
47.26,38.38,35.75,16.53,,Metal,Away from Sunlight,64844.7371
97.46,58.95,23.62,28.54,2026-02-09,Rubber,Room Temperature,135703.20654
55.29,25.31,5.98,34.53,2026-07-16,Ceramic,Cool & Dry Place,8368.351602
66.62,99.23,119.53,35.41,2025-12-29,Paper,Refrigerated,790177.2817780001
19.02,29.14,149.92,11.7,2025-09-11,Leather,Room Temperature,83092.080576
26.46,45.37,45.55,48.76,,Paper,Cool & Dry Place,54682.32861
56.09,33.1,195.17,4.64,2026-11-02,Plastic,Cool & Dry Place,362348.52343
71.99,64.26,51.19,12.08,2025-09-13,Rubber,Refrigerated,236808.902106
63.02,51.49,184.7,20.16,,Metal,Refrigerated,599332.99306
93.65,17.21,12.66,9.98,2026-09-27,Ceramic,Room Temperature,20404.330890000005
73.5,20.88,131.81,39.9,,Cotton,Refrigerated,202286.1708
62.02,13.54,149.72,38.24,2026-09-03,Wood,Refrigerated,125727.489776
37.25,57.2,106.32,0.6,2025-08-22,Paper,Cool & Dry Place,226536.024
13.48,18.15,97.08,44.45,2026-10-09,Wood,Refrigerated,23751.786959999998
14.84,74.63,6.21,4.62,,Metal,Room Temperature,6877.632132
12.91,15.47,105.26,12.2,2026-04-22,Paper,Refrigerated,21022.285102
95.33,20.55,16.98,13.49,2026-01-04,Cotton,Dry Place,33264.35487
57.92,94.4,147.03,24.51,2026-10-05,Paper,Away from Sunlight,803908.28544
15.72,60.28,91.49,0.7,,Silk,Room Temperature,86696.070384
41.11,36.86,25.24,41.11,2026-05-27,Paper,Cool & Dry Place,38246.540504
93.31,10.49,26.96,10.66,2026-11-12,Wood,Freeze,26389.038424000002
53.24,83.95,81.43,40.59,,Ceramic,Room Temperature,363951.2221400001
6.45,87.8,86.09,48.43,2026-01-26,Metal,Cool & Dry Place,48753.6279
29.72,77.84,144.68,43.72,,Wood,Cool & Dry Place,334703.406464
64.35,90.36,90.0,29.67,,Glass,Freeze,523319.93999999994
56.8,58.26,60.71,32.65,2026-03-18,Cotton,Freeze,200899.58928
48.28,51.64,85.92,42.86,,Glass,Away from Sunlight,214213.956864
45.97,7.28,135.15,19.86,2026-10-30,Leather,Refrigerated,45229.51524000001
41.88,24.97,26.77,8.22,,Paper,Room Temperature,27994.556172
48.36,14.99,26.41,43.45,,Rubber,Away from Sunlight,19145.042124
48.1,79.01,38.94,40.61,2026-01-09,Metal,Room Temperature,147986.83614
15.07,43.44,174.2,18.91,2026-01-25,Paper,Room Temperature,114038.42736
29.42,27.27,162.36,31.0,,Plastic,Freeze,130258.73282400002
22.26,22.8,110.35,16.91,2026-01-19,Rubber,Dry Place,56005.71480000001
79.34,53.36,129.42,0.15,,Leather,Away from Sunlight,547910.234208
45.52,90.37,156.39,33.26,,Cotton,Dry Place,643332.534936
93.17,18.8,152.06,1.96,2025-05-25,Paper,Room Temperature,266347.68776
83.72,81.19,74.13,45.41,,Silk,Dry Place,503878.42268399993
82.45,43.38,94.99,29.56,,Wood,Refrigerated,339748.92819
54.66,65.59,55.2,12.64,,Rubber,Refrigerated,197900.24688
66.11,87.82,136.54,27.6,,Rubber,Away from Sunlight,792721.2285079998
15.05,77.32,8.6,38.38,,Paper,Cool & Dry Place,10007.5276
52.43,58.59,47.1,8.8,,Ceramic,Dry Place,144685.25127
56.74,45.65,160.26,46.06,,Cotton,Room Temperature,415102.40706
8.06,50.93,67.13,19.16,2026-04-09,Silk,Room Temperature,27556.583054
59.76,61.48,48.6,19.53,,Metal,Refrigerated,178558.57728
75.13,52.43,132.37,17.99,,Leather,Away from Sunlight,521414.153183
55.87,13.25,98.51,35.29,,Metal,Away from Sunlight,72924.736525
86.54,26.35,137.93,30.49,,Ceramic,Cool & Dry Place,314525.77897000004
83.59,76.04,194.11,27.5,2026-01-01,Plastic,Freeze,1233798.7985960003
32.36,52.06,5.98,24.11,,Silk,Cool & Dry Place,10074.276368
68.75,68.61,135.99,20.04,2026-09-26,Paper,Refrigerated,641456.3306250001
50.87,86.62,88.05,46.74,,Paper,Room Temperature,387979.94517
73.2,93.14,72.43,3.99,,Plastic,Dry Place,493816.73064
6.65,53.14,82.81,23.73,,Plastic,Cool & Dry Place,29263.480610000002
72.65,82.7,110.62,49.46,2026-10-23,Rubber,Freeze,664622.1061000001
19.83,89.26,22.8,42.7,,Wood,Away from Sunlight,40356.58824
18.53,21.28,50.6,8.26,,Wood,Freeze,19952.511040000005
20.38,33.52,145.65,38.27,,Leather,Dry Place,99498.99144000001
76.9,5.6,93.28,6.88,,Wood,Dry Place,40170.0992
23.71,82.55,187.08,42.88,,Glass,Refrigerated,366164.29434
16.45,39.41,30.07,13.8,2025-11-01,Rubber,Away from Sunlight,19494.215615
85.29,17.82,87.27,11.35,2025-09-20,Wood,Cool & Dry Place,132638.86290600002
62.38,62.32,36.28,32.45,,Rubber,Away from Sunlight,141039.283648
32.05,84.38,69.01,30.31,2027-01-12,Glass,Refrigerated,186629.19478999998
57.28,10.38,124.64,17.97,2025-08-26,Cotton,Cool & Dry Place,74106.75609600001
30.33,79.8,181.0,11.27,,Ceramic,Away from Sunlight,438080.45399999997
69.2,41.37,136.68,4.44,2025-10-08,Plastic,Away from Sunlight,391288.05072000006
41.48,17.47,167.21,7.54,,Plastic,Refrigerated,121169.662876
13.9,75.27,127.75,15.25,2025-06-06,Paper,Away from Sunlight,133658.82074999998
44.49,76.32,125.91,7.96,2026-09-20,Ceramic,Cool & Dry Place,427524.48388799996
62.09,8.45,24.66,48.68,,Paper,Dry Place,12938.127929999999
98.26,70.61,146.84,44.1,2026-03-04,Metal,Refrigerated,1018796.2720240001
46.54,69.76,92.0,6.44,,Cotton,Dry Place,298689.9968
82.4,55.71,166.31,46.06,2027-03-18,Wood,Cool & Dry Place,763446.7202400002
51.14,70.86,84.38,10.43,2026-05-05,Metal,Dry Place,305774.590152
50.79,48.69,50.22,44.66,,Leather,Refrigerated,124192.307322
27.73,84.97,160.67,18.87,2025-08-24,Metal,Dry Place,378573.56212699995
45.36,25.82,177.94,30.69,,Glass,Away from Sunlight,208402.47388799998
14.09,8.95,189.2,25.49,,Rubber,Room Temperature,23859.160599999996
86.6,83.79,144.5,1.31,2025-09-16,Wood,Away from Sunlight,1048522.923
53.17,97.38,159.35,39.01,,Wood,Away from Sunlight,825065.6345099999
54.26,83.39,123.74,4.93,,Paper,Room Temperature,559891.500836
17.13,43.56,191.19,6.61,2025-11-18,Wood,Away from Sunlight,142662.68953200002
69.59,83.94,71.85,39.56,2025-09-02,Glass,Freeze,419703.48351
22.99,60.17,195.22,25.67,2026-10-11,Plastic,Away from Sunlight,270049.446326
99.12,68.12,115.83,7.81,2027-01-26,Leather,Freeze,782090.4611520001
35.64,95.94,85.69,11.72,,Metal,Refrigerated,292999.95410399995
38.04,39.64,83.62,8.68,2025-06-18,Rubber,Room Temperature,126091.06627200001
71.08,23.01,12.22,37.6,2025-06-28,Paper,Cool & Dry Place,19986.430776
18.71,59.48,130.75,49.59,,Glass,Cool & Dry Place,145507.8571
66.44,85.8,197.17,23.39,2026-04-20,Plastic,Dry Place,1123977.83784
97.13,30.7,71.26,1.03,,Silk,Refrigerated,212489.55266
51.08,79.37,166.72,36.79,2026-07-18,Ceramic,Cool & Dry Place,675919.491712
50.7,55.34,33.07,16.83,,Glass,Dry Place,92785.75566000001
83.45,21.03,183.91,6.95,2026-12-02,Wood,Freeze,322753.49818500003
81.28,65.64,75.35,11.46,2027-02-16,Wood,Cool & Dry Place,402008.76672
19.62,42.87,179.29,9.61,,Rubber,Room Temperature,150802.504326
53.7,16.55,124.13,34.59,2027-01-29,Cotton,Freeze,110318.67555000001
64.22,72.09,117.04,32.07,2026-12-03,Wood,Cool & Dry Place,541850.7013920001
31.25,33.24,156.93,42.19,,Silk,Cool & Dry Place,163011.0375
98.57,7.67,136.99,37.41,,Rubber,Away from Sunlight,103568.809981
56.51,62.19,18.1,0.34,,Rubber,Room Temperature,63609.85989
68.06,82.68,148.72,43.29,,Leather,Dry Place,836877.3029760001
69.26,64.96,16.93,12.14,2026-03-11,Metal,Freeze,76170.264128
50.68,63.27,139.37,29.45,,Silk,Refrigerated,446893.19413200003
23.76,53.0,175.45,17.62,,Metal,Freeze,220940.67599999998
22.72,81.53,178.94,12.97,2026-12-18,Wood,Cool & Dry Place,331461.584704
24.99,79.11,168.32,19.68,2026-10-06,Metal,Away from Sunlight,332761.72204799997
91.02,61.39,175.73,28.51,2025-09-19,Leather,Freeze,981929.6489939998
21.84,95.95,9.23,2.31,2025-06-13,Leather,Room Temperature,19341.908040000002
91.98,43.58,130.71,41.02,2026-02-28,Plastic,Dry Place,523949.51876400004
44.69,44.52,174.05,4.17,,Cotton,Freeze,346289.67114
77.1,32.74,123.21,2.65,,Rubber,Cool & Dry Place,311013.33534
60.21,48.92,154.83,7.73,,Ceramic,Freeze,456047.6155560001
32.23,22.82,123.2,20.89,,Silk,Away from Sunlight,90612.19552
88.86,91.42,59.54,34.61,,Plastic,Cool & Dry Place,483678.024648
7.26,51.06,120.89,3.86,2025-09-29,Leather,Freeze,44813.391084
90.34,28.83,173.82,49.9,,Cotton,Freeze,452714.572404
39.46,43.25,69.35,19.86,,Ceramic,Dry Place,118355.83075
18.7,28.09,19.63,37.5,2026-08-11,Ceramic,Freeze,10311.30529
57.0,25.37,156.77,20.0,,Cotton,Cool & Dry Place,226703.52930000002
97.61,83.57,118.74,7.0,2027-01-04,Rubber,Away from Sunlight,968593.9666979999
97.71,90.05,41.61,33.2,,Leather,Away from Sunlight,366117.464655
14.44,86.28,11.58,2.12,2026-06-03,Metal,Dry Place,14427.327455999999
50.96,15.4,11.03,30.24,,Plastic,Refrigerated,8656.167519999999
59.42,64.64,133.2,7.84,,Metal,Freeze,511609.05215999996
43.05,78.2,145.31,47.34,2026-11-20,Leather,Room Temperature,489187.5681
54.0,5.78,31.16,7.02,2025-05-25,Metal,Dry Place,9725.6592
16.19,97.95,19.01,46.4,2026-06-06,Leather,Dry Place,30146.257605000006
64.55,93.45,49.0,1.07,,Ceramic,Cool & Dry Place,295577.6775
97.59,21.99,177.48,34.88,2026-05-20,Plastic,Room Temperature,380872.807668
47.3,5.61,150.42,14.98,2026-09-14,Metal,Room Temperature,39914.398259999994
44.09,45.12,101.55,31.53,2026-10-31,Wood,Cool & Dry Place,202017.55823999998
66.64,59.78,67.01,16.59,2027-02-26,Silk,Dry Place,266950.36379200005
74.85,56.42,106.99,23.33,2026-08-11,Leather,Refrigerated,451822.7286299999
93.56,57.68,197.23,10.55,,Cotton,Cool & Dry Place,1064359.741984
38.65,99.6,194.35,4.22,2025-12-17,Plastic,Dry Place,748158.0989999999
67.27,48.56,17.14,13.36,2026-01-25,Wood,Away from Sunlight,55990.058767999995
77.99,38.69,77.55,25.01,,Wood,Room Temperature,234001.93690499998
55.5,68.43,53.94,0.73,,Leather,Freeze,204856.8381
47.76,8.7,51.42,5.03,,Cotton,Freeze,21365.62704
39.1,90.78,37.58,3.01,,Plastic,Room Temperature,133390.13483999998
13.44,96.37,124.57,36.01,,Plastic,Refrigerated,161344.658496
93.22,99.3,131.11,22.87,2025-08-24,Leather,Freeze,1213651.96806
10.47,46.01,111.95,24.74,2025-07-11,Plastic,Away from Sunlight,53929.080165
62.77,70.81,37.19,41.29,,Leather,Refrigerated,165300.01820299999
94.4,88.84,66.64,14.68,,Metal,Away from Sunlight,558876.0934400001
60.98,84.36,18.44,44.97,,Silk,Room Temperature,94860.390432
63.26,75.0,41.1,31.87,2027-01-20,Silk,Away from Sunlight,194998.95
31.78,14.03,131.58,5.61,2026-08-30,Glass,Cool & Dry Place,58668.02197200001
97.6,13.0,80.55,0.81,2027-03-31,Ceramic,Refrigerated,102201.84
44.54,62.64,99.17,21.25,2026-12-04,Glass,Room Temperature,276682.871952
35.64,23.14,35.26,43.82,2026-09-07,Glass,Freeze,29079.260496
90.6,44.17,114.89,1.56,2026-11-12,Paper,Freeze,459767.03177999996
11.99,26.47,133.04,5.06,,Silk,Refrigerated,42223.60991199999
70.04,93.81,24.93,9.05,,Rubber,Cool & Dry Place,163801.37833200002
22.99,37.76,186.18,17.42,,Paper,Freeze,161623.304832
13.78,51.24,135.56,11.51,,Silk,Cool & Dry Place,95717.180832
57.04,20.32,167.2,40.3,2027-03-01,Wood,Dry Place,193793.62815999996
56.97,22.41,42.04,46.17,,Paper,Room Temperature,53672.371307999994
69.7,12.41,142.47,16.79,,Ceramic,Cool & Dry Place,123233.27319
61.38,87.09,199.04,46.5,,Metal,Cool & Dry Place,1063985.079168
28.4,30.61,68.25,26.63,,Wood,Refrigerated,59331.363
22.05,70.89,95.77,8.61,2026-08-21,Leather,Dry Place,149700.433365
94.81,63.6,21.32,26.89,,Metal,Refrigerated,128557.80912
11.76,31.19,128.21,29.97,,Leather,Cool & Dry Place,47026.710024
82.36,34.11,34.98,9.73,2027-02-09,Rubber,Refrigerated,98269.30000799999
37.64,22.27,7.91,6.73,,Silk,Cool & Dry Place,6630.500548
14.69,70.88,96.57,49.45,,Rubber,Freeze,100551.31070399997
63.28,74.33,44.42,37.11,2025-10-02,Wood,Dry Place,208934.01860799998
54.09,72.39,11.68,26.42,2025-09-03,Wood,Room Temperature,45733.91716800001
86.21,64.27,120.29,32.6,2025-08-21,Silk,Away from Sunlight,666492.8118429999
75.86,14.95,136.54,37.47,,Metal,Refrigerated,154850.96977999998
51.44,96.1,77.08,18.91,,Paper,Freeze,381036.0387199999
64.37,8.18,21.44,16.71,2025-06-15,Leather,Dry Place,11289.159104
51.38,19.03,161.43,44.46,,Metal,Freeze,157840.02280200002
43.68,87.19,199.22,15.77,2026-04-16,Cotton,Cool & Dry Place,758721.2418239999
63.7,90.1,97.36,44.08,,Paper,Dry Place,558785.0632
53.56,63.12,44.67,35.54,,Paper,Freeze,151016.190624
5.78,36.97,154.05,39.03,,Silk,Cool & Dry Place,32918.420730000005
7.69,12.86,83.84,3.06,,Glass,Room Temperature,8291.222656
54.42,39.03,190.79,45.33,,Glass,Dry Place,405240.363954
63.25,51.62,123.99,0.53,,Cotton,Room Temperature,404823.01034999994
52.13,59.43,111.66,28.17,,Cotton,Dry Place,345932.271594
49.56,61.35,69.73,5.88,2027-01-15,Wood,Freeze,212014.48338000002
79.9,5.74,97.02,37.54,,Paper,Freeze,44495.89452
34.55,29.19,8.63,47.06,2027-03-02,Cotton,Cool & Dry Place,8703.480135000002
65.83,93.43,52.89,19.7,2027-01-09,Wood,Dry Place,325299.781041
50.8,36.37,84.6,19.05,,Glass,Freeze,156306.62159999998
66.53,71.25,81.46,48.2,,Ceramic,Refrigerated,386141.78325
75.39,53.65,124.39,9.03,,Paper,Dry Place,503116.936665
88.87,20.77,135.36,21.11,2026-12-13,Paper,Freeze,249851.535264
54.06,67.26,51.41,46.13,2027-01-12,Glass,Cool & Dry Place,186930.646596
37.14,13.86,58.75,44.71,,Glass,Dry Place,30242.1735
92.68,81.64,70.1,30.89,,Leather,Dry Place,530404.3035200001
94.18,65.18,140.94,27.69,2026-09-27,Leather,Dry Place,865181.6692560001
47.81,81.24,104.29,14.18,2025-05-25,Silk,Dry Place,405071.162076
12.91,93.88,109.89,11.85,2026-10-22,Silk,Freeze,133185.669012
34.13,53.42,162.36,49.92,2027-03-12,Cotton,Freeze,296018.74605600006
53.29,17.39,89.51,45.85,2025-12-28,Plastic,Dry Place,82950.08958100001
29.93,86.28,38.78,6.51,,Glass,Refrigerated,100143.936312
80.08,78.16,23.73,25.98,,Leather,Away from Sunlight,148527.32294399999
37.51,53.45,103.73,38.75,,Plastic,Freeze,207969.262435
26.89,80.32,178.56,15.15,,Ceramic,Room Temperature,385654.74508799997
28.82,42.57,20.92,34.32,2027-02-02,Rubber,Cool & Dry Place,25666.066008000005
69.8,79.2,5.5,48.37,,Paper,Dry Place,30404.879999999997
92.62,16.54,53.47,29.55,2026-05-18,Rubber,Refrigerated,81912.553756
52.0,6.78,164.24,26.68,2026-08-11,Metal,Refrigerated,57904.4544
82.32,88.33,93.78,29.89,,Metal,Away from Sunlight,681904.9147679999
6.93,83.84,142.47,0.13,2026-12-05,Cotton,Away from Sunlight,82776.665664
17.49,36.23,170.25,32.61,2025-10-04,Paper,Freeze,107881.07467499998
86.97,21.4,69.89,8.82,,Leather,Refrigerated,130076.33262
21.21,12.39,141.15,21.66,2025-10-29,Rubber,Away from Sunlight,37093.076685
30.07,52.32,177.89,14.2,2027-03-25,Cotton,Room Temperature,279867.648336
81.98,54.96,112.81,8.23,,Metal,Freeze,508279.0824480001
76.79,86.13,174.88,2.81,,Plastic,Dry Place,1156642.801776
15.69,9.21,94.69,23.33,2027-02-24,Glass,Room Temperature,13683.168981
48.06,57.51,175.28,42.53,,Leather,Freeze,484461.755568
55.92,23.39,154.42,27.59,2027-01-17,Metal,Refrigerated,201976.542096
92.09,70.83,38.77,15.48,2026-12-31,Wood,Dry Place,252886.424319
71.88,65.46,191.72,1.72,,Rubber,Dry Place,902093.3674559998
24.58,29.31,90.18,13.13,,Ceramic,Room Temperature,64969.261163999996
67.99,36.93,139.41,29.59,2026-07-01,Metal,Freeze,350040.48428699997
54.24,43.99,6.91,17.15,,Silk,Refrigerated,16487.381616000002
45.59,64.13,186.7,44.21,,Silk,Cool & Dry Place,545852.30689
45.09,6.85,168.61,41.9,,Metal,Dry Place,52077.98056500001
59.78,91.78,70.48,10.0,2027-02-20,Plastic,Freeze,386696.16003200004
47.54,69.88,136.76,8.42,,Paper,Freeze,454329.73955199996
28.17,49.51,127.96,38.64,2026-12-18,Paper,Room Temperature,178465.38973199998
35.95,55.45,29.18,39.58,,Rubber,Away from Sunlight,58168.21445000001
28.39,76.69,63.24,25.4,,Ceramic,Cool & Dry Place,137687.968284
39.66,45.34,158.73,23.02,,Plastic,Freeze,285425.80981199996
82.91,8.96,20.55,4.58,,Plastic,Cool & Dry Place,15266.05248
44.41,72.19,113.62,46.44,,Rubber,Freeze,364260.93659799994
92.12,76.56,49.14,19.63,,Wood,Freeze,346570.03180800006
52.66,37.01,129.21,39.85,2026-03-25,Rubber,Cool & Dry Place,251823.39018599998
49.04,43.71,58.67,9.25,2027-01-24,Wood,Room Temperature,125761.39792799999
11.95,82.98,42.06,13.34,,Leather,Refrigerated,41707.15866
32.49,54.56,96.4,15.06,,Plastic,Dry Place,170883.88416000002
66.83,5.63,189.47,37.68,2026-07-29,Silk,Freeze,71288.636963
54.14,51.9,172.59,19.38,2025-05-20,Silk,Room Temperature,484954.77294
46.83,20.45,39.33,18.57,,Cotton,Dry Place,37665.298754999996
75.17,81.49,158.26,26.09,,Paper,Room Temperature,969437.9782579999
19.95,20.6,165.08,25.24,,Wood,Cool & Dry Place,67842.92760000001
52.1,54.54,116.12,3.29,2026-03-11,Metal,Away from Sunlight,329958.92808000004
21.85,96.19,81.84,44.22,2026-12-07,Leather,Room Temperature,172007.34276000003
94.41,48.1,43.33,28.12,,Cotton,Cool & Dry Place,196766.77293
73.88,76.98,8.36,28.36,2026-03-11,Leather,Away from Sunlight,47545.680863999994
32.29,62.84,59.52,33.68,2025-12-10,Leather,Room Temperature,120772.24627200002
23.2,36.41,56.43,47.61,,Cotton,Refrigerated,47667.098159999994
66.87,60.34,157.67,33.79,,Leather,Freeze,636188.3275860001
48.95,21.59,179.97,13.74,,Silk,Room Temperature,190197.785085
5.88,90.83,69.25,38.68,,Paper,Away from Sunlight,36985.06769999999
49.74,27.37,142.44,18.46,2026-09-19,Ceramic,Away from Sunlight,193915.50847200002
61.71,91.16,141.1,27.41,,Leather,Dry Place,793755.73596
82.87,78.9,135.49,38.16,2025-05-16,Plastic,Cool & Dry Place,885893.6420700002
46.58,47.9,90.8,32.11,,Cotton,Room Temperature,202591.32559999998
8.83,92.08,110.76,12.76,,Plastic,Cool & Dry Place,90055.23446400001
35.9,30.38,93.41,40.54,2025-10-27,Metal,Room Temperature,101876.86921999998
56.15,35.73,48.94,34.43,2026-01-28,Metal,Refrigerated,98185.36112999998
65.56,66.35,146.55,16.6,,Rubber,Cool & Dry Place,637478.7243
40.03,17.53,192.52,19.9,,Cotton,Freeze,135096.27026800002
55.07,76.85,35.68,12.39,2026-11-21,Ceramic,Away from Sunlight,151002.38056
67.29,5.31,116.4,30.12,,Plastic,Dry Place,41590.87236000001
5.05,67.72,154.39,34.84,,Silk,Freeze,52799.218539999994
99.7,28.51,108.44,17.53,,Ceramic,Refrigerated,308234.95268
51.36,55.94,10.57,20.34,2025-06-05,Rubber,Freeze,30368.438688
71.08,54.5,145.35,44.35,,Rubber,Freeze,563065.551
10.9,81.42,116.4,0.59,2026-04-13,Leather,Away from Sunlight,103302.43920000001
38.84,79.36,79.15,16.33,2026-10-15,Cotton,Cool & Dry Place,243967.40096000006
54.57,99.34,169.3,32.8,2026-02-08,Ceramic,Refrigerated,917772.55734
66.52,8.82,94.62,27.3,2025-07-18,Silk,Dry Place,55514.159568
59.54,57.27,130.8,24.44,,Silk,Dry Place,446009.1386400001
71.33,89.09,187.16,42.96,2027-02-07,Rubber,Cool & Dry Place,1189362.440252
8.56,92.23,126.37,30.05,2025-07-24,Ceramic,Dry Place,99767.69965600001
58.61,34.17,72.6,2.45,,Glass,Cool & Dry Place,145396.28861999998
67.72,62.74,44.46,29.44,2025-06-17,Metal,Freeze,188899.54948800002
32.17,35.95,196.52,13.8,,Silk,Room Temperature,227277.63998000004
87.77,65.92,141.55,8.04,,Metal,Cool & Dry Place,818979.76352
43.86,52.77,175.99,16.03,,Wood,Room Temperature,407327.48227800004
75.42,62.6,58.29,35.26,2027-01-24,Plastic,Refrigerated,275204.11068000004
30.19,5.08,127.59,28.5,,Rubber,Room Temperature,19567.865868
28.45,40.44,186.96,0.41,,Cotton,Dry Place,215100.84527999998
9.28,62.38,33.22,43.41,2026-06-16,Plastic,Refrigerated,19230.606207999997
42.11,33.06,92.02,35.84,2026-08-01,Wood,Cool & Dry Place,128106.250332
10.21,81.64,57.46,44.91,,Plastic,Dry Place,47895.461224000006
73.58,92.57,88.87,48.5,,Glass,Room Temperature,605320.284322
52.95,35.54,149.02,31.8,2026-01-14,Paper,Cool & Dry Place,280432.24386000005
89.75,93.76,108.29,33.92,,Silk,Cool & Dry Place,911256.0184000002
93.43,42.36,82.73,21.53,2026-01-23,Leather,Away from Sunlight,327420.09080400004
56.71,46.43,169.05,33.67,,Rubber,Freeze,445116.30796500004
10.71,50.22,195.79,40.64,2025-12-20,Glass,Room Temperature,105306.86539800001
27.47,20.46,15.06,41.78,,Leather,Away from Sunlight,8464.265172000001
97.82,92.63,45.96,9.63,,Glass,Refrigerated,416446.6209359999
91.89,85.4,55.61,29.26,,Glass,Room Temperature,436394.24766000005
81.32,37.25,25.5,0.37,2026-06-30,Paper,Room Temperature,77243.83499999999
87.65,96.97,10.04,44.92,,Ceramic,Refrigerated,85334.18182
41.19,39.2,79.79,18.09,2025-06-02,Ceramic,Cool & Dry Place,128832.76392000003
38.44,26.16,12.35,23.52,,Glass,Freeze,12419.041439999999
70.68,55.3,141.87,27.57,,Leather,Away from Sunlight,554513.64948
70.4,26.87,30.14,5.94,2025-08-16,Paper,Freeze,57014.27072000001
19.37,58.75,113.74,28.26,,Metal,Cool & Dry Place,129434.69824999999
64.36,94.31,48.3,24.7,2026-11-13,Ceramic,Away from Sunlight,293170.93428
84.42,58.43,32.23,19.9,,Rubber,Freeze,158979.651138
67.25,71.16,183.45,6.12,,Glass,Dry Place,877901.8095
9.94,33.85,148.04,28.47,,Wood,Refrigerated,49810.87076
41.5,66.01,197.29,35.38,,Ceramic,Room Temperature,540459.18535
68.03,55.77,105.4,42.42,,Plastic,Refrigerated,399891.08874000004
93.73,96.1,98.04,6.55,2027-01-25,Glass,Freeze,883090.69212
29.7,42.42,131.77,27.75,,Plastic,Freeze,166013.59698
91.07,91.61,47.12,21.34,,Paper,Dry Place,393118.5176239999
44.86,7.62,40.91,24.11,,Rubber,Room Temperature,13984.396211999998
52.07,15.07,183.52,29.36,2026-12-14,Wood,Cool & Dry Place,144007.20804800003
25.85,52.57,113.87,16.96,,Glass,Cool & Dry Place,154741.871515
89.76,93.28,163.5,18.08,,Plastic,Cool & Dry Place,1368954.8928
88.77,13.22,152.36,3.85,2025-10-23,Metal,Dry Place,178800.46298400004
11.72,92.64,178.07,20.48,2025-06-06,Ceramic,Freeze,193337.864256
89.53,32.52,31.25,25.46,2025-07-27,Cotton,Cool & Dry Place,90984.8625
6.5,27.57,192.68,17.23,,Metal,Freeze,34529.2194
45.01,8.76,76.1,28.29,2026-10-16,Paper,Refrigerated,30005.28636
77.97,5.27,77.45,44.44,2026-04-18,Leather,Cool & Dry Place,31824.352154999997
96.27,94.91,173.03,0.15,2027-03-14,Ceramic,Refrigerated,1580972.635671
74.41,22.78,20.84,42.14,,Ceramic,Cool & Dry Place,35325.046232
60.87,57.41,126.7,7.01,,Ceramic,Freeze,442759.06688999996
46.1,89.51,27.79,25.84,,Rubber,Away from Sunlight,114672.96169
39.36,47.58,89.74,18.31,,Ceramic,Cool & Dry Place,168060.47731199997
63.69,47.06,102.58,31.31,2026-06-03,Rubber,Away from Sunlight,307458.048612
38.42,87.9,10.05,5.66,2027-01-04,Ceramic,Cool & Dry Place,33940.03590000001
76.61,79.08,122.91,31.85,2025-06-10,Ceramic,Cool & Dry Place,744627.963708
40.25,85.7,176.62,36.1,2025-08-06,Ceramic,Away from Sunlight,609237.4435
96.28,74.34,105.1,36.81,,Silk,Cool & Dry Place,752248.54152
61.75,79.6,158.18,37.94,2025-05-11,Cotton,Away from Sunlight,777502.1539999999
94.79,73.02,180.03,7.34,2026-12-15,Glass,Room Temperature,1246089.490974
73.29,52.12,122.44,31.94,2026-07-15,Silk,Dry Place,467705.47051199997
33.59,56.46,123.86,2.17,2026-11-16,Ceramic,Cool & Dry Place,234899.424804
15.49,99.05,52.26,29.9,2026-07-01,Ceramic,Away from Sunlight,80181.70797
6.45,77.17,61.11,38.3,2026-08-23,Cotton,Freeze,30417.288615
11.62,49.72,97.54,32.26,2026-07-08,Plastic,Away from Sunlight,56353.383856
5.69,20.69,150.58,0.45,2026-08-20,Leather,Dry Place,17727.196138000003
90.41,14.58,53.22,33.53,,Wood,Refrigerated,70153.42251599999
39.03,90.54,161.33,24.01,2025-08-05,Plastic,Dry Place,570104.1143460001
89.97,60.52,145.98,49.93,,Silk,Away from Sunlight,794858.822712
85.58,93.73,60.08,7.67,2025-06-17,Silk,Room Temperature,481926.517072
95.16,60.38,107.17,9.08,,Silk,Room Temperature,615773.184936
68.49,20.79,32.53,43.61,,Leather,Refrigerated,46319.697963
48.27,74.16,169.39,25.65,,Plastic,Refrigerated,606365.925048
66.02,15.45,102.48,30.66,2025-11-04,Rubber,Freeze,104530.52231999999
23.03,55.1,72.93,45.85,,Silk,Cool & Dry Place,92544.74229000002
61.8,21.47,181.9,20.11,,Silk,Freeze,241353.28739999997
79.03,61.12,36.99,30.93,2025-07-07,Rubber,Dry Place,178673.30006399998
40.98,12.43,88.28,40.81,2025-06-09,Cotton,Dry Place,44968.18999199999
14.52,8.75,27.48,47.55,2026-05-28,Paper,Freeze,3491.334
19.47,24.09,35.32,18.28,,Cotton,Away from Sunlight,16566.220836
77.35,30.71,97.84,29.05,,Leather,Dry Place,232410.94603999998
85.83,89.98,189.45,23.53,,Glass,Room Temperature,1463119.20513
46.59,29.6,152.93,35.57,,Wood,Away from Sunlight,210900.25752
16.56,16.18,125.95,8.65,2026-03-15,Paper,Refrigerated,33747.14376
33.66,78.77,173.39,0.49,,Glass,Away from Sunlight,459725.9338979999
28.54,61.87,64.36,28.17,,Silk,Away from Sunlight,113644.94432799998
64.93,71.27,109.88,29.36,2026-12-26,Wood,Room Temperature,508476.41366799996
81.57,87.58,165.6,5.66,,Cotton,Dry Place,1183029.9393599997
74.53,26.89,117.21,8.97,,Ceramic,Dry Place,234901.932357
76.14,23.87,181.43,13.82,2025-11-30,Silk,Away from Sunlight,329742.09437400004
31.98,41.56,171.88,34.7,2026-06-19,Glass,Away from Sunlight,228443.782944
52.22,70.26,119.03,25.8,2027-02-24,Glass,Freeze,436718.35611600004
36.52,54.62,22.95,4.8,,Wood,Freeze,45778.87908
29.31,82.85,51.29,2.15,2026-09-08,Leather,Dry Place,124549.22521499998
61.88,53.84,11.87,21.58,,Silk,Room Temperature,39546.319904
21.42,74.85,169.48,3.81,,Cotton,Away from Sunlight,271725.08076
25.38,14.49,120.3,22.86,2026-08-21,Plastic,Dry Place,44241.07086
10.29,86.66,88.15,8.32,,Paper,Freeze,78606.12290999999
84.08,57.91,20.99,12.9,2025-08-21,Cotton,Cool & Dry Place,102201.83807199998
67.73,23.61,198.65,29.7,2026-10-20,Glass,Cool & Dry Place,317662.267845
72.92,22.93,86.93,29.72,2026-05-10,Glass,Away from Sunlight,145351.793308
31.69,12.74,119.22,43.39,2026-04-06,Glass,Freeze,48132.762132
91.27,52.8,114.32,10.02,2026-08-22,Cotton,Dry Place,550914.4819199999
64.94,35.15,139.3,12.42,2025-10-02,Wood,Away from Sunlight,317971.89129999996
76.06,51.2,194.57,10.53,2025-06-27,Leather,Freeze,757708.5030400001
35.57,93.6,102.04,23.37,2026-10-06,Glass,Cool & Dry Place,339727.07808
89.27,64.23,152.45,44.87,,Metal,Cool & Dry Place,874119.654645
37.08,48.18,139.35,2.66,,Silk,Dry Place,248950.78163999997
77.22,82.29,58.47,45.98,2025-12-07,Plastic,Cool & Dry Place,371543.74428600003
34.23,47.24,145.61,35.24,,Metal,Room Temperature,235455.039372
37.19,64.2,5.25,48.53,,Glass,Room Temperature,12534.8895
68.07,83.79,14.14,36.84,,Glass,Freeze,80648.696142
64.78,57.76,187.86,44.8,,Silk,Cool & Dry Place,702914.4094080001
46.84,25.47,149.79,17.98,,Paper,Away from Sunlight,178701.68689199997
28.6,65.83,82.11,45.14,2025-06-17,Silk,Room Temperature,154591.61718
34.41,14.07,13.29,3.68,2026-11-19,Metal,Room Temperature,6434.336222999999
71.76,80.66,185.42,21.53,2026-06-22,Metal,Refrigerated,1073240.923872
75.12,74.79,32.07,37.98,,Leather,Cool & Dry Place,180176.46933600004
91.98,59.6,95.17,28.5,,Leather,Freeze,521722.70136000006
96.39,87.69,129.46,24.46,2026-12-27,Ceramic,Refrigerated,1094252.7658860001
86.15,99.94,172.8,35.51,2026-05-31,Wood,Dry Place,1487778.7968000001
83.81,38.82,121.51,19.24,,Rubber,Refrigerated,395333.295342
87.49,97.84,156.23,7.43,,Paper,Away from Sunlight,1337332.174568
46.36,34.1,160.75,12.37,,Plastic,Away from Sunlight,254125.817
97.6,49.69,15.45,15.71,2025-06-08,Cotton,Dry Place,74928.54479999999
8.33,58.06,13.88,0.52,2025-07-27,Metal,Dry Place,6712.920424000001
7.22,44.27,150.88,2.55,,Paper,Cool & Dry Place,48225.683872
16.37,52.14,116.95,45.96,,Ceramic,Refrigerated,99820.54401000001
87.08,5.5,142.13,30.55,,Ceramic,Cool & Dry Place,68071.7422
29.65,35.72,72.48,11.77,,Wood,Dry Place,76763.42304
17.21,75.49,123.8,5.23,,Leather,Away from Sunlight,160838.84302
52.96,20.7,168.0,17.25,,Cotton,Away from Sunlight,184173.696
89.34,88.29,66.01,34.41,2027-01-04,Glass,Refrigerated,520675.5658860001
47.38,79.49,171.35,32.55,2026-12-22,Paper,Refrigerated,645344.5728699999
16.69,54.17,25.07,13.19,,Silk,Dry Place,22665.719311000004
24.28,55.67,7.84,11.73,2026-05-01,Metal,Dry Place,10597.073984
58.77,34.58,111.28,0.67,2026-04-21,Leather,Freeze,226150.627248
43.24,77.81,190.02,41.59,2025-07-11,Metal,Room Temperature,639323.1260880001
87.55,88.72,157.16,30.4,2025-05-31,Cotton,Cool & Dry Place,1220730.24176
98.74,86.5,183.86,8.71,2026-03-07,Wood,Cool & Dry Place,1570350.0986000001
58.41,27.87,153.04,21.56,2026-03-01,Paper,Refrigerated,249131.780568
99.23,5.4,137.05,30.35,2025-10-06,Plastic,Freeze,73437.14610000001
62.96,78.96,108.0,27.74,,Wood,Freeze,536902.7327999999
8.54,69.62,28.09,1.88,2026-10-03,Cotton,Dry Place,16701.044332
38.32,35.48,23.82,8.6,,Silk,Refrigerated,32385.519551999998
46.36,52.92,18.99,15.94,,Cotton,Away from Sunlight,46589.519087999994
51.82,73.38,145.18,36.16,2025-07-22,Plastic,Cool & Dry Place,552054.441288
6.73,21.71,92.74,6.96,2026-05-22,Metal,Freeze,13550.083742
18.12,91.12,64.85,26.49,2026-03-26,Ceramic,Room Temperature,107073.47184
43.27,89.85,91.74,25.12,,Leather,Away from Sunlight,356667.64352999994
26.77,13.65,51.06,28.67,,Leather,Refrigerated,18657.86013
24.93,60.24,93.46,7.17,,Cotton,Away from Sunlight,140356.657872
68.59,13.51,43.87,21.48,,Rubber,Away from Sunlight,40652.174983
73.52,45.79,89.19,28.82,,Rubber,Away from Sunlight,300256.422552
41.3,10.39,17.41,22.34,,Metal,Cool & Dry Place,7470.752869999999
28.02,46.81,21.69,48.06,2025-07-12,Paper,Freeze,28448.955378
93.14,52.26,146.2,35.56,,Wood,Away from Sunlight,711627.9736799999
28.26,32.89,109.76,31.56,,Silk,Freeze,102018.780864
20.7,88.46,104.91,22.12,2025-11-20,Plastic,Away from Sunlight,192103.00901999997
19.61,95.48,196.49,20.02,,Silk,Room Temperature,367900.56657200004
85.43,33.16,182.32,4.74,2026-08-01,Silk,Freeze,516486.81641599996
12.44,78.4,182.84,31.74,2026-12-31,Metal,Dry Place,178323.12064
36.91,99.41,118.99,38.76,,Paper,Refrigerated,436600.85666899994
42.24,95.79,54.75,42.16,2025-12-09,Leather,Room Temperature,221527.78560000003
19.59,45.32,73.61,14.66,2027-02-12,Wood,Cool & Dry Place,65352.341868
92.1,60.06,44.46,43.59,2025-10-30,Glass,Refrigerated,245931.64596
52.55,54.89,18.16,34.12,,Glass,Away from Sunlight,52381.96612
85.89,78.64,165.56,25.33,2027-01-09,Cotton,Freeze,1118256.742176
24.63,56.83,22.77,30.13,,Cotton,Dry Place,31871.690433
45.26,68.54,194.55,18.23,,Metal,Room Temperature,603517.5238200001
57.93,32.83,93.13,47.99,2025-12-04,Glass,Freeze,177118.53614699998
75.95,6.34,73.78,48.16,2026-10-11,Metal,Dry Place,35526.76694
25.67,64.24,60.39,20.91,,Wood,Dry Place,99585.573912
76.37,29.78,185.48,16.41,,Glass,Refrigerated,421836.904328
76.63,72.16,71.33,48.73,,Ceramic,Refrigerated,394427.85166399996
64.96,5.67,24.45,4.13,,Cotton,Freeze,9005.50224
61.78,19.01,193.78,43.41,2025-08-03,Silk,Dry Place,227582.55688400002
9.73,93.62,166.79,37.12,2026-10-16,Silk,Room Temperature,151932.78045400002
19.36,75.08,31.98,4.05,2026-04-20,Paper,Refrigerated,46484.490624
74.57,62.31,165.4,7.64,2025-06-23,Plastic,Dry Place,768523.9381799999
31.95,12.34,91.59,49.48,,Rubber,Away from Sunlight,36110.54817
99.89,48.7,145.84,1.57,2025-11-28,Cotton,Away from Sunlight,709459.53512
30.29,51.1,85.85,44.3,,Wood,Away from Sunlight,132880.26114999998
27.08,6.92,57.08,5.55,2026-04-05,Wood,Dry Place,10696.426688
16.2,16.47,74.33,1.51,,Wood,Dry Place,19832.28462
96.73,90.7,162.97,37.46,2026-01-25,Paper,Refrigerated,1429802.79067
27.18,57.02,40.4,47.16,,Rubber,Room Temperature,62612.06544
7.18,46.97,82.83,42.22,,Rubber,Freeze,27933.970218
54.84,76.11,122.52,44.33,,Glass,Freeze,511382.846448
68.04,92.68,107.39,36.48,2026-08-09,Leather,Dry Place,677195.6698080002
34.98,26.6,33.39,11.21,2026-12-20,Metal,Away from Sunlight,31068.32652
71.39,38.48,64.87,16.88,,Leather,Refrigerated,178203.546664
27.85,55.33,14.8,18.13,,Metal,Dry Place,22805.9194
92.4,64.91,38.75,38.59,,Plastic,Freeze,232410.255
12.91,51.08,183.36,12.54,,Ceramic,Dry Place,120915.43180800001
83.34,64.67,17.03,29.99,2026-04-23,Ceramic,Away from Sunlight,91784.85053400001
10.93,62.05,23.77,34.16,2025-05-10,Metal,Refrigerated,16120.968505
81.09,89.8,25.85,24.55,2026-08-08,Metal,Dry Place,188236.64970000004
47.08,31.79,154.51,36.43,2026-08-31,Rubber,Room Temperature,231250.97613199998
99.33,42.34,184.83,42.58,2025-12-20,Silk,Dry Place,777326.999526
57.64,5.34,111.42,1.57,2026-03-17,Ceramic,Freeze,34294.808592
46.32,98.34,73.42,30.63,2026-05-22,Silk,Room Temperature,334436.088096
52.62,74.86,119.79,22.37,,Plastic,Refrigerated,471868.766028
33.1,34.27,50.87,48.38,,Glass,Away from Sunlight,57703.72319000001
49.94,40.15,184.06,17.48,,Wood,Cool & Dry Place,369057.04946
76.0,16.86,134.48,41.55,2025-08-07,Cotton,Room Temperature,172317.29279999997
52.88,53.36,29.02,10.01,2026-09-22,Wood,Refrigerated,81885.060736
52.89,52.02,141.23,41.21,,Silk,Dry Place,388571.437494
94.88,83.84,132.68,19.01,2025-11-25,Metal,Refrigerated,1055434.797056
25.82,60.63,75.61,0.79,,Metal,Freeze,118364.929626
94.13,54.84,113.12,37.96,2026-09-10,Leather,Away from Sunlight,583935.530304
87.22,87.08,124.52,3.11,2026-11-26,Paper,Away from Sunlight,945744.043552
19.33,86.46,114.01,36.47,,Leather,Dry Place,190541.697918
83.37,32.21,167.87,12.22,,Glass,Freeze,450789.31839900004
74.04,81.6,119.89,40.29,,Paper,Refrigerated,724335.09696
79.18,8.74,165.77,10.02,2026-06-15,Metal,Refrigerated,114718.34356400002
59.27,64.71,65.41,8.08,,Cotton,Cool & Dry Place,250871.008797
38.55,70.12,147.49,32.17,,Plastic,Dry Place,398684.05374
65.3,48.24,127.85,30.66,,Plastic,Dry Place,402736.7052
78.59,80.87,88.7,11.04,,Cotton,Freeze,563739.3517100001
13.94,17.56,126.78,45.18,,Cotton,Room Temperature,31034.019792
49.38,52.81,98.92,2.24,2025-05-17,Glass,Freeze,257959.40157600003
59.54,58.03,125.48,6.42,2027-03-19,Cotton,Refrigerated,433546.725976
40.04,9.62,188.56,19.12,,Paper,Refrigerated,72630.44588799999
35.45,54.62,118.04,5.42,,Glass,Dry Place,228558.37316000002
54.52,79.73,110.45,47.61,,Plastic,Refrigerated,480112.85182000004
39.64,5.77,18.44,27.37,,Ceramic,Dry Place,4217.648432
71.06,83.62,49.73,36.24,,Wood,Cool & Dry Place,295497.509956
8.92,54.33,40.48,38.73,2025-10-08,Metal,Cool & Dry Place,19617.563327999997
43.47,41.94,62.53,30.66,2026-06-16,Cotton,Room Temperature,114000.43145399999
9.93,10.55,68.93,30.83,,Silk,Dry Place,7221.210195000001
66.47,39.11,176.5,20.93,2025-10-05,Leather,Away from Sunlight,458836.76005000004
53.49,17.31,126.06,12.38,,Paper,Freeze,116720.454114
16.65,73.38,14.75,49.92,,Leather,Room Temperature,18021.21075
60.96,58.86,103.47,22.08,,Ceramic,Refrigerated,371261.286432
97.88,15.39,101.93,10.13,,Paper,Freeze,153544.620276
98.16,79.15,109.61,45.9,,Ceramic,Away from Sunlight,851599.9880400001
93.42,80.01,194.33,15.05,2025-05-29,Ceramic,Refrigerated,1452526.2310860003
84.55,35.46,115.5,26.33,,Silk,Away from Sunlight,346285.5165
58.36,11.55,122.85,49.67,,Ceramic,Freeze,82808.0253
90.06,42.71,190.01,19.26,2026-03-25,Wood,Freeze,730866.358626
78.31,50.54,187.53,21.56,2026-03-21,Glass,Freeze,742203.871122
18.23,64.64,34.38,13.17,2026-02-15,Glass,Freeze,40512.951936000005
90.5,20.66,100.72,19.92,,Wood,Cool & Dry Place,188319.2056
28.75,59.07,8.17,6.79,,Rubber,Cool & Dry Place,13874.804625
50.94,50.63,5.72,14.16,,Paper,Away from Sunlight,14752.407384
9.41,7.32,142.74,38.19,,Cotton,Refrigerated,9832.102488000002
49.73,94.24,186.14,14.75,,Glass,Cool & Dry Place,872355.3849279999
23.4,40.45,144.25,4.22,2025-05-09,Paper,Freeze,136536.95249999998
85.3,53.44,122.49,16.58,2025-06-07,Glass,Freeze,558362.3356799999
29.49,44.37,61.4,41.59,2025-07-30,Silk,Cool & Dry Place,80340.13781999999
20.86,60.0,98.67,12.84,,Leather,Cool & Dry Place,123495.37199999999
80.68,30.88,120.21,27.87,,Ceramic,Cool & Dry Place,299491.001664
25.41,28.25,198.47,26.03,2025-06-07,Wood,Cool & Dry Place,142468.21627499998
87.45,32.8,129.17,22.77,,Wood,Freeze,370506.06119999994
52.9,90.15,127.59,7.02,,Cotton,Cool & Dry Place,608468.41665
49.74,52.66,92.33,40.7,2025-11-22,Leather,Room Temperature,241840.744572
74.32,34.91,166.54,10.32,,Leather,Freeze,432089.89524799987
59.73,45.0,67.37,41.68,2026-02-01,Silk,Away from Sunlight,181080.4545
88.74,41.76,35.08,8.63,2026-02-06,Ceramic,Freeze,129998.84659199997
73.64,38.11,142.55,38.95,2027-03-03,Rubber,Cool & Dry Place,400055.22802000004
47.46,45.33,19.93,32.23,,Wood,Dry Place,42876.640674
46.12,51.51,119.59,0.55,2025-06-10,Glass,Refrigerated,284102.93110799993
10.38,18.59,196.65,31.79,,Cotton,Refrigerated,37946.40993
11.65,59.6,39.7,14.39,2025-06-07,Cotton,Room Temperature,27565.298000000003
40.94,73.18,121.47,31.39,2026-04-06,Paper,Cool & Dry Place,363922.808124
50.36,33.19,193.98,43.19,,Leather,Freeze,324227.5606319999
50.19,56.59,100.32,11.25,2025-07-11,Cotton,Cool & Dry Place,284934.090672
35.11,18.19,119.79,26.48,2026-02-21,Glass,Room Temperature,76503.991311
80.88,31.69,13.21,29.42,2026-01-13,Glass,Dry Place,33858.381912000004
69.32,73.43,51.47,12.08,2025-12-30,Metal,Dry Place,261990.926372
42.38,14.91,193.64,10.49,2026-06-05,Paper,Dry Place,122358.366312
34.56,25.96,125.56,26.82,,Rubber,Cool & Dry Place,112649.61945600001
34.85,85.22,103.06,23.86,2026-06-19,Plastic,Freeze,306079.64602
33.07,47.17,32.37,32.21,,Metal,Dry Place,50494.348203
71.93,28.62,28.7,4.22,2025-12-03,Silk,Room Temperature,59082.87042000001
5.59,32.56,170.16,44.8,2025-08-31,Ceramic,Freeze,30970.889664
73.59,20.86,121.95,30.66,,Leather,Away from Sunlight,187203.90843
56.38,19.5,63.05,9.02,,Plastic,Cool & Dry Place,69317.8005
15.88,5.72,138.89,6.56,2025-07-04,Metal,Freeze,12615.878703999999
60.31,66.11,163.69,25.88,,Leather,Away from Sunlight,652647.4332290001
95.84,83.67,34.04,49.7,,Leather,Dry Place,272964.472512
58.26,46.49,12.99,48.16,,Cotton,Cool & Dry Place,35183.511126
24.95,27.89,178.79,9.7,,Metal,Cool & Dry Place,124412.00484499999
6.91,7.42,68.57,43.97,,Silk,Dry Place,3515.7347539999996
56.59,93.96,66.61,49.59,,Plastic,Refrigerated,354178.452204
95.56,93.18,100.79,27.8,2025-06-09,Paper,Refrigerated,897462.4618320001
5.58,44.51,166.79,17.87,2027-04-01,Glass,Freeze,41424.93178199999
14.45,24.04,57.41,39.4,2027-01-15,Silk,Cool & Dry Place,19942.97098
86.07,26.63,57.31,37.62,2026-02-15,Silk,Room Temperature,131357.047371
42.66,16.66,76.82,18.33,2025-07-29,Silk,Freeze,54597.17239199999
13.48,94.34,76.88,8.53,,Plastic,Cool & Dry Place,97768.542016
25.72,34.69,148.73,5.67,2027-01-07,Wood,Away from Sunlight,132700.89196399998
25.38,90.41,11.75,39.18,,Plastic,Away from Sunlight,26961.61815
96.93,67.73,100.86,23.47,2025-12-18,Metal,Cool & Dry Place,662152.8492540001
71.12,17.65,74.63,6.46,2026-03-07,Metal,Cool & Dry Place,93680.65084
87.42,92.62,58.01,20.92,,Rubber,Room Temperature,469697.711604
56.51,83.95,160.51,5.2,,Glass,Dry Place,761461.767395
38.51,47.3,6.39,18.83,2026-08-21,Wood,Away from Sunlight,11639.531969999998
39.44,63.92,48.96,31.59,2027-01-29,Cotton,Dry Place,123428.39500799999
84.17,73.12,6.34,38.65,,Silk,Room Temperature,39019.595936
59.38,99.5,58.66,38.95,2026-07-02,Glass,Away from Sunlight,346581.4646
40.36,5.02,183.35,37.96,,Leather,Refrigerated,37148.030119999996
96.93,93.73,165.04,33.01,,Wood,Room Temperature,1499429.478456
76.46,93.15,167.03,27.11,,Cotton,Room Temperature,1189629.25047
35.3,43.17,97.87,22.36,2025-07-11,Metal,Room Temperature,149144.19087
70.9,82.7,130.79,13.26,,Leather,Refrigerated,766878.0096999999
69.05,84.71,17.34,5.09,2026-04-20,Ceramic,Away from Sunlight,101425.57016999999
51.43,8.22,179.69,22.43,,Wood,Refrigerated,75964.774074
9.14,61.6,55.52,40.6,,Paper,Cool & Dry Place,31259.092480000003
30.71,65.02,185.1,48.77,2025-12-08,Leather,Away from Sunlight,369601.05341999995
50.86,21.08,17.13,4.93,2025-10-18,Glass,Away from Sunlight,18365.566344
96.3,78.31,68.88,33.52,2026-03-15,Wood,Away from Sunlight,519441.5066399999
58.81,59.63,145.62,31.0,2026-07-25,Wood,Refrigerated,510666.08448600007
27.8,77.27,119.12,12.28,2026-06-26,Silk,Refrigerated,255882.38671999998
71.29,71.22,107.81,11.82,2026-05-17,Wood,Freeze,547380.888378
84.64,83.18,197.68,8.52,2027-02-07,Paper,Freeze,1391737.4159360002
63.82,35.88,127.21,5.67,,Plastic,Freeze,291293.294136
23.44,52.09,96.63,23.19,,Ceramic,Away from Sunlight,117984.22504800001
5.97,8.47,10.86,39.69,2026-08-09,Metal,Room Temperature,549.145674
99.13,42.26,5.26,31.25,,Rubber,Away from Sunlight,22035.369788
26.05,54.56,148.46,1.88,2027-03-15,Plastic,Cool & Dry Place,211004.41648
94.24,18.62,101.46,0.89,2025-10-26,Glass,Freeze,178036.813248
46.57,83.27,199.23,27.51,2025-11-07,Leather,Away from Sunlight,772590.8093969999
14.08,55.02,16.97,8.4,2025-08-28,Metal,Room Temperature,13146.346752
41.25,87.82,103.92,22.69,,Wood,Room Temperature,376457.994
9.14,92.77,104.68,27.72,,Ceramic,Room Temperature,88760.035304
51.69,42.54,134.19,20.98,,Rubber,Room Temperature,295069.39799399994
16.84,78.36,153.23,45.38,,Silk,Room Temperature,202199.611152
67.03,59.87,55.36,32.96,,Ceramic,Freeze,222164.446496
61.63,64.86,68.55,6.69,2025-10-13,Glass,Dry Place,274016.40939
64.95,10.05,95.14,18.26,,Rubber,Dry Place,62102.397150000004
15.04,44.87,196.69,5.5,2026-08-19,Leather,Dry Place,132735.22371199998
77.68,79.55,181.76,25.04,2025-06-29,Wood,Room Temperature,1123175.74144
50.53,72.7,31.66,33.77,,Silk,Cool & Dry Place,116303.99146000002
52.17,22.72,80.19,9.22,,Silk,Refrigerated,95049.399456
95.26,38.58,81.88,24.49,,Ceramic,Away from Sunlight,300919.709904
29.58,82.95,91.1,18.22,,Plastic,Dry Place,223528.5171
29.53,82.31,173.71,17.51,2026-07-23,Plastic,Refrigerated,422222.01005300006
22.2,58.83,29.66,5.46,,Leather,Away from Sunlight,38736.731159999996
97.45,66.02,154.57,39.08,2026-05-24,Metal,Cool & Dry Place,994449.1259299999
40.9,91.14,174.08,48.97,,Leather,Cool & Dry Place,648905.13408
27.0,29.11,34.08,2.18,2026-01-20,Rubber,Away from Sunlight,26785.8576
57.4,7.43,56.97,17.62,,Rubber,Away from Sunlight,24296.679539999997
78.57,83.6,159.74,27.67,,Metal,Cool & Dry Place,1049244.52248
66.22,10.41,53.79,19.21,2026-03-27,Wood,Away from Sunlight,37080.147258
44.12,35.44,194.7,44.73,,Cotton,Cool & Dry Place,304435.41215999995
20.31,92.0,190.26,2.51,,Silk,Refrigerated,355504.6152
46.2,69.05,156.87,23.55,2026-06-11,Glass,Refrigerated,500432.5557
11.4,19.31,142.46,11.49,2026-09-07,Silk,Dry Place,31360.28964
84.44,51.48,5.58,33.66,2026-02-08,Silk,Cool & Dry Place,24256.099296
85.23,26.87,195.92,5.75,2026-10-23,Metal,Refrigerated,448682.28919200005
29.14,82.07,29.66,1.37,,Plastic,Room Temperature,70932.477268
38.9,7.2,101.12,28.3,2026-12-01,Rubber,Dry Place,28321.689599999998
36.11,77.03,123.0,13.77,2026-06-01,Ceramic,Cool & Dry Place,342131.0559
68.28,68.39,107.27,1.78,,Glass,Cool & Dry Place,500915.41508400004
35.98,69.57,81.38,4.34,2025-09-06,Silk,Room Temperature,203704.60546799997
97.27,76.93,43.43,11.95,,Leather,Away from Sunlight,324985.869173
62.67,56.83,199.39,5.9,,Wood,Freeze,710134.6829789999
10.06,74.21,180.63,15.7,,Rubber,Freeze,134849.796138
51.37,16.27,19.44,29.09,2026-11-18,Ceramic,Room Temperature,16247.755656000001
77.84,73.95,84.75,31.46,2026-06-30,Leather,Cool & Dry Place,487843.713
35.07,47.98,76.19,38.8,2025-11-03,Rubber,Refrigerated,128201.75873399999
40.45,57.64,178.25,37.64,2026-03-14,Rubber,Freeze,415596.6485
76.44,49.96,175.18,22.33,2026-09-19,Plastic,Room Temperature,669002.3296320001
5.29,9.63,146.75,5.56,2027-01-12,Wood,Room Temperature,7475.841225
5.59,32.97,69.49,28.01,,Cotton,Freeze,12807.166827
92.23,89.24,163.52,11.29,2026-06-11,Glass,Refrigerated,1345868.5623040001
19.35,45.54,57.29,9.15,,Wood,Away from Sunlight,50483.89071
97.53,51.53,15.04,25.7,2027-02-14,Ceramic,Dry Place,75586.842336
14.5,7.68,102.04,38.4,,Wood,Freeze,11363.1744
60.78,56.12,96.44,18.28,2026-01-03,Leather,Room Temperature,328954.293984
53.72,16.85,149.17,39.12,,Wood,Room Temperature,135025.99894
40.57,70.98,18.46,23.26,,Silk,Freeze,53158.497756000004
68.51,8.19,7.18,24.44,,Wood,Freeze,4028.675742
59.28,38.61,88.27,33.8,,Glass,Cool & Dry Place,202032.446616
48.77,84.22,182.25,20.46,,Glass,Cool & Dry Place,748575.3631500001
56.9,44.25,29.66,1.25,,Glass,Dry Place,74678.6895
83.94,87.57,120.81,1.25,,Cotton,Room Temperature,888029.1028979999
56.92,79.03,62.16,15.11,,Silk,Dry Place,279619.773216
32.19,81.99,118.38,43.69,2026-05-23,Plastic,Dry Place,312435.37387799995
87.85,67.38,105.9,42.99,2026-01-14,Plastic,Refrigerated,626857.3647
35.31,96.94,113.8,26.88,,Silk,Freeze,389531.86932
18.08,44.59,56.67,2.3,,Leather,Room Temperature,45686.628624
72.74,48.51,182.19,31.25,2026-12-24,Leather,Dry Place,642878.8041059999
85.2,29.89,159.83,28.03,2025-07-23,Metal,Room Temperature,407027.55324000004
36.64,40.65,103.47,35.13,2026-11-28,Rubber,Away from Sunlight,154109.87352
40.44,46.21,83.68,8.56,2026-03-12,Silk,Refrigerated,156375.527232
72.38,89.51,11.74,4.96,2025-11-28,Ceramic,Room Temperature,76060.334812
82.53,28.35,69.57,30.28,,Silk,Room Temperature,162774.70303499998
40.64,63.98,67.71,0.11,,Cotton,Cool & Dry Place,176055.96691199997
33.1,78.77,99.04,4.96,,Paper,Dry Place,258225.70448
50.28,39.79,84.14,25.5,2026-08-07,Rubber,Dry Place,168333.950568
31.32,12.77,107.99,18.11,,Silk,Away from Sunlight,43191.291635999994
85.58,19.77,133.64,40.73,2025-06-17,Plastic,Away from Sunlight,226107.73442399997
84.57,90.17,29.92,3.79,,Metal,Cool & Dry Place,228160.252848
21.59,14.71,130.11,45.65,2025-09-30,Metal,Room Temperature,41321.49177900001
20.9,28.59,95.38,11.63,,Cotton,Room Temperature,56992.50677999999
59.72,62.33,166.98,9.91,2025-11-07,Cotton,Cool & Dry Place,621557.6022479999
73.82,29.55,171.5,9.53,2027-02-28,Plastic,Freeze,374106.8415
7.62,60.46,99.36,31.11,2026-11-30,Glass,Room Temperature,45775.668672
18.48,20.61,46.69,41.87,2025-10-11,Ceramic,Room Temperature,17782.951031999997
68.96,77.07,55.39,48.61,2025-12-01,Ceramic,Room Temperature,294383.8474079999
90.55,64.89,103.19,26.23,2025-07-16,Paper,Cool & Dry Place,606322.718505
12.88,6.65,74.07,34.49,2026-01-25,Plastic,Dry Place,6344.243640000001
92.28,6.95,26.05,49.15,,Silk,Refrigerated,16707.0633
9.05,46.87,57.94,19.06,,Silk,Cool & Dry Place,24576.612589999997
